------------------------------(GENERATIE)-------------------------------

CREATE TABLE GENERATIE 
    ( ID_GENERATIE   NUMBER  
       CONSTRAINT  ID_GENERATIE_nn NOT NULL  
    , AN_INCEPUT    NUMBER UNIQUE
    , AN_SFARSIT    NUMBER
    , NR_CONSOLE    NUMBER
    );

CREATE UNIQUE INDEX ID_GENERATIE_pk 
ON GENERATIE (ID_GENERATIE);

ALTER TABLE GENERATIE
ADD (CONSTRAINT ID_GENERATIE_pk
    		PRIMARY KEY(ID_GENERATIE));

ALTER TABLE GENERATIE
ADD CONSTRAINT logica_anilor CHECK (AN_INCEPUT < AN_SFARSIT);

INSERT INTO GENERATIE VALUES ( 1, 1997, 2000, 2);
INSERT INTO GENERATIE VALUES ( 2, 2001, 2007, 6);
INSERT INTO GENERATIE VALUES ( 3, 2005 , 2012, 5);
INSERT INTO GENERATIE VALUES ( 4, 2016 , 2021, 9);
INSERT INTO GENERATIE VALUES ( 5, 2017 , 2020, 9);
INSERT INTO GENERATIE VALUES ( 6, 2021 , 2030, 3);

-------------------------------(CONSOLA)-------------------------------

CREATE TABLE CONSOLA( ID_CONSOLA VARCHAR(25) CONSTRAINT ID_CONSOLA_nn NOT NULL, 
    					DATA_LANSARE VARCHAR(15),
    					ID_GENERATIE NUMBER,
    					CONSTRAINT FK_CONSOLA FOREIGN KEY(ID_GENERATIE) REFERENCES GENERATIE(ID_GENERATIE));

CREATE UNIQUE INDEX ID_CONSOLA_pk 
ON CONSOLA (ID_CONSOLA);

ALTER TABLE CONSOLA
ADD (CONSTRAINT ID_CONSOLA_pk
    		PRIMARY KEY(ID_CONSOLA));

INSERT INTO CONSOLA VALUES('PLAYSTATION_1', '15/02/1996', 1);
INSERT INTO CONSOLA VALUES('PLAYSTATION_2', '23/11/2002', 2);
INSERT INTO CONSOLA VALUES('PLAYSTATION_3', '15/02/2008', 3);
INSERT INTO CONSOLA VALUES('PLAYSTATION_STREET', '01/07/2010', 4);
INSERT INTO CONSOLA VALUES('PLAYSTATION_4', '15/12/2017', 5);
INSERT INTO CONSOLA VALUES('PLAYSTATION_vita', '13/03/2018', 5);

-------------------------------(PRODUCATOR)-------------------------------

CREATE TABLE PRODUCATOR 
    ( ID_PRODUCATOR   NUMBER CONSTRAINT  ID_PRODUCATOR_nn NOT NULL  
    , NUME_PRODUCATOR VARCHAR(35)
    , DURATA_PARTENERIAT  NUMBER
    );

CREATE UNIQUE INDEX ID_PRODUCATOR_pk 
ON PRODUCATOR (ID_PRODUCATOR);

ALTER TABLE PRODUCATOR
ADD (CONSTRAINT ID_PRODUCATOR_pk
    		PRIMARY KEY(ID_PRODUCATOR));

INSERT INTO PRODUCATOR VALUES(1, 'SONY', 17);
INSERT INTO PRODUCATOR VALUES(2, 'AMD', 4);
INSERT INTO PRODUCATOR VALUES(3, 'INTEL', 10);
INSERT INTO PRODUCATOR VALUES(4, 'RAZER', 8);
INSERT INTO PRODUCATOR VALUES(5, 'SONY.JP', 18);
    
--------------------------------(PROCESOR)--------------------------------
    
CREATE TABLE PROCESOR
    ( ID_PROCESOR  NUMBER CONSTRAINT  ID_PROCESOR_nn NOT NULL  
    , NUME_PROCESOR VARCHAR(35)
    );

CREATE UNIQUE INDEX ID_PROCESOR_pk 
ON PROCESOR (ID_PROCESOR);

ALTER TABLE PROCESOR
ADD (CONSTRAINT ID_PROCESOR_pk
    		PRIMARY KEY(ID_PROCESOR));

INSERT INTO PROCESOR VALUES(1, 'GP-45');
INSERT INTO PROCESOR VALUES(2, 'RT-90');
INSERT INTO PROCESOR VALUES(3, 'XK-10');
INSERT INTO PROCESOR VALUES(4, 'FS-33');
INSERT INTO PROCESOR VALUES(5, 'RT-76');
INSERT INTO PROCESOR VALUES(6, 'JH-76');

--------------------------------(MODEL)--------------------------------

CREATE TABLE MODEL
    ( ID_MODEL   VARCHAR(25) 
       CONSTRAINT  ID_MODEL_nn NOT NULL  
    , PORECLA VARCHAR(50)
    , DATA_INCEPUT_FAB    DATE
    , DATA_SFARSIT_FAB    DATE
    , PRET   FLOAT
    , ID_CONSOLA VARCHAR(25),
    CONSTRAINT FK_MODEL FOREIGN KEY(ID_CONSOLA) REFERENCES CONSOLA(ID_CONSOLA));

CREATE UNIQUE INDEX ID_MODEL_pk 
ON MODEL (ID_MODEL);

ALTER TABLE MODEL
ADD (CONSTRAINT ID_MODEL_pk
    		PRIMARY KEY(ID_MODEL));


ALTER TABLE MODEL
ADD CONSTRAINT logica_fab CHECK (DATA_INCEPUT_FAB < DATA_SFARSIT_FAB);

INSERT INTO MODEL VALUES ('SCH-1001', 'SLIM', TO_DATE('14-07-2002','DD-MM-YYYY'), TO_DATE('15-03-2005','DD-MM-YYYY'), 99, 'PLAYSTATION_1');
INSERT INTO MODEL VALUES ('SCH-2020', 'SLIM', TO_DATE('11-11-2004','DD-MM-YYYY'), TO_DATE('11-03-2009','DD-MM-YYYY'), 99.99, 'PLAYSTATION_2');
INSERT INTO MODEL VALUES ('SCH-3012', 'FAT', TO_DATE('14-07-2010','DD-MM-YYYY'), TO_DATE('15-03-2015','DD-MM-YYYY'), 99, 'PLAYSTATION_3');
INSERT INTO MODEL VALUES ('SCH-3019', 'SUPER_SLIM', TO_DATE('01-12-2011','DD-MM-YYYY'), TO_DATE('15-03-2015','DD-MM-YYYY'), 199.99, 'PLAYSTATION_3');
INSERT INTO MODEL VALUES ('SCH-4005', 'SLIM', TO_DATE('14-07-2016','DD-MM-YYYY'), TO_DATE('15-03-2020','DD-MM-YYYY'), 99, 'PLAYSTATION_4');
INSERT INTO MODEL VALUES ('SCH-1000', 'X', TO_DATE('28-01-1998','DD-MM-YYYY'), TO_DATE('25-03-2003','DD-MM-YYYY'), 100, 'PLAYSTATION_1');

--------------------------------(LOT)--------------------------------

CREATE TABLE LOT
    ( ID_LOT  NUMBER CONSTRAINT  ID_LOT_nn NOT NULL  
    , NR_UNITATI NUMBER
    , VENITURI_ASTEPTATE NUMBER
    ,ID_MODEL VARCHAR(25) );

CREATE UNIQUE INDEX ID_LOT_pk 
ON LOT (ID_LOT);

ALTER TABLE LOT
ADD (CONSTRAINT ID_LOT_pk
    		PRIMARY KEY(ID_LOT)
    ,CONSTRAINT ID_LOT_fk
    		FOREIGN KEY(ID_MODEL)
    		REFERENCES MODEL(ID_MODEL));

INSERT INTO LOT VALUES(1, 1500, 1000000, 'SCH-4005');
INSERT INTO LOT VALUES(2, 2500, 1300000, 'SCH-4005');
INSERT INTO LOT VALUES(3, 3000, 2500000, 'SCH-2020');
INSERT INTO LOT VALUES(4, 1000, 500000, 'SCH-1001');
INSERT INTO LOT VALUES(5, 2500, 150000, 'SCH-3012');
INSERT INTO LOT VALUES(6, 1200, 1600000, 'SCH-1000');

--------------------------------(VANZATOR)--------------------------------

CREATE TABLE VANZATOR
    ( ID_VANZATOR   VARCHAR(10) 
       CONSTRAINT  ID_VANZATOR_nn NOT NULL  
    , NUME_VANZATOR VARCHAR(50)
    , VENIT_TOTAL_ADUS   FLOAT);

CREATE UNIQUE INDEX ID_VANZATOR_pk 
ON VANZATOR (ID_VANZATOR);

ALTER TABLE VANZATOR
ADD (CONSTRAINT ID_VANZATOR_pk
    		PRIMARY KEY(ID_VANZATOR));

INSERT INTO VANZATOR VALUES ('V-01', 'EMAG', 1750000);
INSERT INTO VANZATOR VALUES ('V-02', 'AMAZON', 20000000);
INSERT INTO VANZATOR VALUES ('V-03', 'GAME-STOP', 1300000);
INSERT INTO VANZATOR VALUES ('V-04', 'ALTEX', 300000);
INSERT INTO VANZATOR VALUES ('V-05', 'EVO', 400000);

--------------------------------(TARA)--------------------------------

CREATE TABLE TARA
	(ID_TARA VARCHAR(10)
    	CONSTRAINT ID_TARA_nn NOT NULL
    , NUME_TARA VARCHAR(50)
    , PRET_DE_EXPORT FLOAT);

CREATE UNIQUE INDEX ID_TARA_pk
ON TARA(ID_TARA);

ALTER TABLE TARA
ADD (CONSTRAINT ID_TARA_pk PRIMARY KEY(ID_TARA));

INSERT INTO TARA VALUES ('EU-01', 'ROMANIA', 10.20);
INSERT INTO TARA VALUES ('EU-02', 'ITALIA', 15.00);
INSERT INTO TARA VALUES ('AS-01', 'CHINA', 5.00);
INSERT INTO TARA VALUES ('AF-01', 'EGIPT', 3.00);
INSERT INTO TARA VALUES ('AMN-01', 'CANADA', 23.05);
INSERT INTO TARA VALUES ('AMS-01', 'BRAZILIA', 11.05);
